bnumber	Description	Gene	Peptides.used.for.quantitation	Confidence.score	MW[Da]	Bnumber	Annotated functional COG groups (letter)	Annotated functional COG group (description)	Annotated functional COG class	GAL_BATCH_mu=0.26_S	ACE_BATCH_mu=0.3_S	PYR_BATCH_mu=0.40_S	FUM_BATCH_mu=0.42_S	SUCC_BATCH_mu=0.44_S	GAM_BATCH_mu=0.46_S	GLYC_BATCH_mu=0.47_S	MAN_BATCH_mu=0.47_S	XYL_BATCH_mu=0.55_S	GLC_BATCH_mu=0.58_S	FRU_BATCH_mu=0.65_S
b0073	3-isopropylmalate dehydrogenase OS=Escherichia coli (strain K12) GN=leuB PE=1 SV=3	leuB	13	919.93	39474.00703	b0073	CE	Energy production and conversion	METABOLISM	1.2437257374576562	1.1285340936089332	0.42841530054644805	0.6282001635041521	0.6121065785572075	0.5839903224460853	0.6830601092896175	0.5816360324557046	0.8872436688407074	0.579158008158239	0.6073696647467139
b0114	Pyruvate dehydrogenase E1 component OS=Escherichia coli (strain K12) GN=aceE PE=1 SV=2	aceE	59	3547.25	99587.94042	b0114	C	Energy production and conversion	METABOLISM	1.3352125213263113	0.9598479448800189	5.704918032786886	1.60922507637365	1.660524420722667	1.4474617277770827	1.3930286471270075	1.678671965557211	3.3100260493174294	1.8509966905256678	2.879929109437306
b0115	Dihydrolipoyllysine-residue acetyltransferase component of pyruvate dehydrogenase complex OS=Escherichia coli (strain K12) GN=aceF PE=1 SV=3	aceF	40	2531.68	66036.77653999999	b0115	C	Energy production and conversion	METABOLISM	1.3253220582053755	0.9289617486338799	5.245901639344262	1.5102620369175166	1.6012199771254285	1.303549826888583	1.2812551746977976	1.546199701937407	2.91830699022661	1.9106441930270146	2.270713336287107
b0118	Aconitate hydratase 2 OS=Escherichia coli (strain K12) GN=acnB PE=1 SV=3	acnB	67	4505.67	93420.9457	b0118	C	Energy production and conversion	METABOLISM	4.945231560467819	8.410548823948682	5.551912568306011	6.497138677337463	6.417588003558266	4.442497810036291	3.4566981288292764	5.298890544792184	2.0369391072722647	2.2704533210190103	2.510707428740216
b0304	Probable pyridine nucleotide-disulfide oxidoreductase ykgC OS=Escherichia coli (strain K12) GN=ykgC PE=3 SV=2	rclA	7	365.65	48195.911889999996	b0304	C	Energy production and conversion	METABOLISM	0.011027866379843237	0.00394392967450701	0.0024043715846994535	0.0035067337894238637	0.004363112636082518	0.013077211863346266	0.0028978307666832253	0.00403626428216592	0.004171807979317233	0.0027899638266759026	0.003101462117855561
b0306	Uncharacterized protein ykgE OS=Escherichia coli (strain K12) GN=ykgE PE=3 SV=1	ykgE	1	37.56	25969.26141	b0306	C	Energy production and conversion	METABOLISM	9.742106174121603e-07	9.74103112378237e-07	0.0007081967213114754	7.443741663439611e-05	9.827593510399458e-07	5.944187210611937e-05	4.2225534028812704e-05	9.7284318595794e-07	9.871320289088665e-07	9.90918186715924e-07	9.765913454438048e-07
b0312	Betaine aldehyde dehydrogenase OS=Escherichia coli (strain K12) GN=betB PE=1 SV=3	betB	2	149.56	52859.73742	b0312	C	Energy production and conversion	METABOLISM	0.009791558489726281	0.013233547160845807	0.007650273224043716	0.01036960543866443	0.00946753081713051	0.008092437325324322	0.01144643152839874	0.012812551746977976	0.011379438666588323	0.014430847379358116	0.01473194505981391
b0333	2-methylcitrate synthase OS=Escherichia coli (strain K12) GN=prpC PE=1 SV=2	prpC	20	1179.96	43057.02009	b0333	C	Energy production and conversion	METABOLISM	0.18470439878347306	0.026609645996673797	0.031038251366120217	0.10003872466761327	0.04172491210234252	0.06194468777374547	0.0445024010597781	0.04884914720980294	0.06306676851362203	0.06465019625952437	0.04947570521341014
b0356	S-(hydroxymethyl)glutathione dehydrogenase OS=Escherichia coli (strain K12) GN=frmA PE=1 SV=3	frmA	12	609.35	39315.85811	b0356	C	Energy production and conversion	METABOLISM	0.06898598026852608	0.08291755761463532	0.07562841530054645	0.08476399466460134	0.06481128478841021	0.06194468777374547	0.09066070541480377	0.11508527901970524	0.05503652780226022	0.06907565612252753	0.05926007975188302
b0419	Uncharacterized oxidoreductase YajO OS=Escherichia coli (strain K12) GN=yajO PE=3 SV=2	yajO	17	981.38	36379.517510000005	b0419	C	Energy production and conversion	METABOLISM	0.09321761491481839	0.07840342124019958	0.055519125683060104	0.08218235015705004	0.05443300715889355	0.073415926250365	0.0722387812551747	0.07575757575757576	0.048181444268170864	0.054067574847995084	0.04726037512922759
b0429	Cytochrome o ubiquinol oxidase protein CyoD OS=Escherichia coli (strain K12) GN=cyoD PE=1 SV=1	cyoD	1	88.31	12003.07821	b0429	C	Energy production and conversion	METABOLISM	0.0007566204287515763	0.0028035162746495607	0.0026666666666666666	0.002990404887913601	0.0018447917990426568	0.002607099653777166	0.0013723298559364131	0.0030013247226361975	0.0018822100789313903	0.005214346186408066	0.003101462117855561
b0430	Cytochrome o ubiquinol oxidase subunit 3 OS=Escherichia coli (strain K12) GN=cyoC PE=1 SV=1	cyoC	2	171.45	22589.45441	b0430	C	Energy production and conversion	METABOLISM	0.0017283584303835026	0.003278688524590165	0.009114754098360656	0.003270083042898326	0.007518956241792689	0.0012597505527051267	0.0023389634045371754	0.004160457029309488	0.00487690228568071	0.0012949280381744019	0.00806749372323143
b0431	Ubiquinol oxidase subunit 1 OS=Escherichia coli (strain K12) GN=cyoB PE=1 SV=1	cyoB	10	534.62	74300.34181	b0431	C	Energy production and conversion	METABOLISM	0.11151497168854932	0.2494654312188168	0.4699453551912568	0.2667699324469687	0.28593213877239804	0.28573812205397736	0.23803609869183642	0.2608047690014903	0.2624517695908495	0.22704533210190106	0.30460788657509974
b0432	Ubiquinol oxidase subunit 2 OS=Escherichia coli (strain K12) GN=cyoA PE=1 SV=1	cyoA	17	820.49	34870.5555	b0432	C	Energy production and conversion	METABOLISM	0.12709245110402295	0.2898550724637681	0.5551912568306011	0.30334322963727894	0.30711229719998306	0.26279564510073833	0.2649445272396092	0.25459513164431197	0.2918306990226609	0.2905410605710767	0.2953773445576724
b0599	Uncharacterized oxidoreductase YbdH OS=Escherichia coli (strain K12) GN=ybdH PE=3 SV=2	ybdH	8	488.88	39049.326030000004	b0599	C	Energy production and conversion	METABOLISM	0.054892070321192796	0.07103825136612023	0.051584699453551916	0.06346542747730305	0.06841191172109967	0.05819046427230635	0.08817685047193244	0.062303361483689354	0.043872534618171845	0.0908181328407604	0.07532122286220648
b0684	Flavodoxin-1 OS=Escherichia coli (strain K12) GN=fldA PE=1 SV=2	fldA	7	563.06	19706.53052	b0684	C	Energy production and conversion	METABOLISM	0.5785920925747349	0.4324067474459492	0.4961748633879781	0.45824190009035753	0.5400940399034184	0.663246151920911	0.5402384500745155	0.546448087431694	0.5660340403862351	0.5445239744477798	0.5759858218874613
b0720	Citrate synthase OS=Escherichia coli (strain K12) GN=gltA PE=1 SV=1	gltA	30	2043.46	47965.89357	b0720	C	Energy production and conversion	METABOLISM	3.5605667235368297	6.4385839866951775	6.469945355191256	3.1194871132911666	3.282924556275681	3.691653109748467	2.8978307666832257	4.657228017883756	2.6049317429539536	1.4815669976141	2.953773445576725
b0721	Succinate dehydrogenase cytochrome b556 subunit OS=Escherichia coli (strain K12) GN=sdhC PE=1 SV=1	sdhC	2	264.71	14271.787709999999	b0721	C	Energy production and conversion	METABOLISM	0.04747422298049106	0.11546685673556666	0.10251366120218579	0.0707800869153651	0.09869953827254628	0.09635840320360403	0.051539990064580224	0.0879698625600265	0.04563527038408054	0.03925190487185408	0.08769014916555899
b0722	Succinate dehydrogenase hydrophobic membrane anchor subunit OS=Escherichia coli (strain K12) GN=sdhD PE=1 SV=1	sdhD	2	193.02	12841.039929999999	b0722	C	Energy production and conversion	METABOLISM	0.0008579976757411668	0.0016844856260394391	0.0022295081967213114	0.0016974312637149864	0.001849027830728174	0.0015746881908814082	0.0013226527570789864	0.001523431031627753	0.0014454433280451258	0.001204494727930424	0.001919952739624871
b0723	Succinate dehydrogenase flavoprotein subunit OS=Escherichia coli (strain K12) GN=sdhA PE=1 SV=1	sdhA	34	2804.82	64363.086910000005	b0723	C	Energy production and conversion	METABOLISM	0.7220038078283015	1.615585649798052	1.1650273224043712	0.9530570973710252	0.9446350658702927	1.0052976264964752	0.6892697466467957	0.8900480211955621	0.6659224004543941	0.42907719541291467	0.6645990252547629
b0724	Succinate dehydrogenase iron-sulfur subunit OS=Escherichia coli (strain K12) GN=sdhB PE=1 SV=1	sdhB	22	1206.05	26734.234519999998	b0724	C	Energy production and conversion	METABOLISM	0.33874836189204555	0.7483962936564506	0.507103825136612	0.41736586205412846	0.5506841191172109	0.42756434321945513	0.3063421096207982	0.4719324391455539	0.25853457899994126	0.21165242823058572	0.33783783783783783
b0726	2-oxoglutarate dehydrogenase E1 component OS=Escherichia coli (strain K12) GN=sucA PE=1 SV=1	sucA	42	2817.04	104977.5259	b0726	C	Energy production and conversion	METABOLISM	0.7022228815864302	1.7367545735329057	1.5978142076502733	0.9874790241383761	1.262337442284068	1.209694239352605	0.9935419771485343	1.0908262957443287	1.094854770158842	0.5714615562225813	1.113203367301728
b0727	Dihydrolipoyllysine-residue succinyltransferase component of 2-oxoglutarate dehydrogenase complex OS=Escherichia coli (strain K12) GN=sucB PE=1 SV=2	sucB	21	1441.27	43965.9951	b0727	C	Energy production and conversion	METABOLISM	0.6230991766189452	1.784271798526966	1.5868852459016392	1.088593434017469	1.1119583174482146	1.1512952071079965	0.8403709223381355	0.9811227024341778	1.0360969112952192	0.736935272839221	0.8492098656033081
b0728	Succinyl-CoA ligase [ADP-forming] subunit beta OS=Escherichia coli (strain K12) GN=sucC PE=1 SV=1	sucC	23	1617.83	41348.64135	b0728	C	Energy production and conversion	METABOLISM	1.312958979304206	3.207412687099074	2.7759562841530054	2.0846779398476833	2.478078536027449	2.169106911942602	1.6579731743666166	2.173373075012419	1.574710617545097	0.8215962441314556	1.4676561807709347
b0729	Succinyl-CoA ligase [ADP-forming] subunit alpha OS=Escherichia coli (strain K12) GN=sucD PE=1 SV=2	sucD	23	1502.7	29740.52945	b0729	C	Energy production and conversion	METABOLISM	1.0063546225552014	2.969826562128772	2.100546448087431	1.5791058904522182	1.7007667217350784	1.6226588245109081	1.301953965888392	1.4716840536512665	1.1124821278179289	0.6580466404987303	1.0928961748633883
b0733	Cytochrome d ubiquinol oxidase subunit 1 OS=Escherichia coli (strain K12) GN=cydA PE=1 SV=1	cydA	10	647.64	58149.048429999995	b0733	C	Energy production and conversion	METABOLISM	0.09445392280493534	0.09812306961273462	0.07147540983606557	0.08304289832623382	0.08980387173296056	0.1334835022733909	0.10349395595297235	0.0939725120052989	0.12495837984997159	0.06407296236435005	0.12202776547038842
b0734	Cytochrome d ubiquinol oxidase subunit 2 OS=Escherichia coli (strain K12) GN=cydB PE=1 SV=1	cydB	3	96.92	42406.96162	b0734	C	Energy production and conversion	METABOLISM	0.009742106174121603	0.008766928011404133	0.012415300546448085	0.008261262424164192	0.007328334815944423	0.01286864389104409	0.009811227024341777	0.00647872164265607	0.008931194547270696	0.005772338951743247	0.010208979471274552
b0758	Galactose-1-phosphate uridylyltransferase OS=Escherichia coli (strain K12) GN=galT PE=1 SV=2	galT	7	318.35	39602.516189999995	b0758	C	Energy production and conversion	METABOLISM	0.1285760205721633	0.015942028985507246	0.024699453551912567	0.01693128522869068	0.01611810056339221	0.020543945271764064	0.02001573108130485	0.018711707236297403	0.017509841941359655	0.019067959670591855	0.013328902673164968
b0801	Uncharacterized oxidoreductase ybiC OS=Escherichia coli (strain K12) GN=ybiC PE=1 SV=2	ybiC	11	1210.26	38854.31329	b0801	C	Energy production and conversion	METABOLISM	0.05612837821130975	0.1506296032311713	0.09989071038251364	0.09143324297577557	0.0756131655864786	0.13536061402411045	0.08155323729094222	0.08631395926477893	0.11359852713633782	0.2020318633110136	0.10781273076355044
b0851	Oxygen-insensitive NADPH nitroreductase OS=Escherichia coli (strain K12) GN=nfsA PE=1 SV=2	nfsA	4	288.74	26765.85039	b0851	C	Energy production and conversion	METABOLISM	0.004574339193432733	0.011071513423616062	0.015344262295081967	0.016673120777935545	0.00554920150802728	0.01631001543402995	0.015461997019374066	0.006685709554562012	0.003545057484771922	0.018067420918956367	0.0033229951262738144
b0886	ATP-binding/permease protein CydC OS=Escherichia coli (strain K12) GN=cydC PE=3 SV=2	cydC	6	350.4	62862.68065	b0886	CO	Energy production and conversion	METABOLISM	0.01204163884973914	0.012782133523402234	0.023606557377049184	0.016544038552557983	0.013597661710509594	0.02231677303633254	0.02214770657393608	0.015027322404371582	0.01423898779795131	0.015431386130993615	0.021230246640082703
b0887	ATP-binding/permease protein CydD OS=Escherichia coli (strain K12) GN=cydD PE=1 SV=3	cydD	6	359.35	64997.28515	b0887	CO	Energy production and conversion	METABOLISM	0.005118314665084192	0.008553100498930863	0.016808743169398906	0.0074652553676692055	0.008768585589020205	0.011054102532015183	0.011591323066732901	0.009852624606722968	0.008304444052725386	0.01248749326560456	0.015710382513661202
b0894	Anaerobic dimethyl sulfoxide reductase chain A OS=Escherichia coli (strain K12) GN=dmsA PE=1 SV=2	dmsA	5	293.36	90323.09785	b0894	C	Energy production and conversion	METABOLISM	0.0005241945454095889	0.0003088619624613923	0.0006448087431693989	0.0005787186437760853	0.0005782183250730717	0.00046927793767988983	0.0007244576916708063	0.00023803609869183634	0.0003780088920226414	0.0004021396136381128	0.00035814503027617776
b0903	Formate acetyltransferase 1 OS=Escherichia coli (strain K12) GN=pflB PE=1 SV=2	pflB	54	3972.86	85284.7241	b0903	C	Energy production and conversion	METABOLISM	2.0225997082313376	1.898313138512711	2.030601092896175	1.6565552256787575	1.9909348921929932	1.824969757644016	1.7179996688193406	2.05952972346415	1.664806001135985	1.2583698914800279	1.9937970757642893
b0968	Acylphosphatase OS=Escherichia coli (strain K12) GN=yccX PE=1 SV=1	yccX	4	222.45	10275.2359	b0968	C	Energy production and conversion	METABOLISM	0.015824740993497025	0.009931100023758613	0.008306010928961749	0.006819844240781378	0.006565849112551362	0.01099153214032453	0.010639178671965557	0.007016890213611525	0.011261922948861077	0.0038674670976679756	0.006202924235711122
b0972	Hydrogenase-1 small chain OS=Escherichia coli (strain K12) GN=hyaA PE=1 SV=1	hyaA	2	162.7	40636.93027	b0972	C	Energy production and conversion	METABOLISM	6.676062606631556e-05	4.5378949869327635e-05	9.66120218579235e-05	8.6054816918377e-05	1.9549286228660987e-05	4.922204146331289e-05	8.672793508859081e-05	3.166915052160953e-05	1.206494701999726e-05	1.2256599707534826e-06	2.0676414119037074e-06
b0973	Hydrogenase-1 large chain OS=Escherichia coli (strain K12) GN=hyaB PE=1 SV=1	hyaB	7	322.87	66193.03	b0973	C	Energy production and conversion	METABOLISM	0.00020077640135499346	0.00017842717985269656	0.0002710382513661202	0.0003097973409061572	0.00013301139492523405	0.0004880490551870854	0.0002752939228349064	0.0001949826130153999	0.00026441036488630354	0.00024051412298930192	0.00021230246640082707
b0978	Cytochrome bd-II oxidase subunit 1 OS=Escherichia coli (strain K12) GN=appC PE=1 SV=1	appC	2	141.52	57863.80187	b0978	C	Energy production and conversion	METABOLISM	9.544296911702892e-05	4.751722499406035e-05	8.808743169398907e-05	5.141775310873025e-05	4.0877705765239126e-05	1.295207107996496e-05	6.706408345752608e-05	3.4153005464480874e-05	0.0003016236754999315	0.00018586931424613255	8.06749372323143e-05
b1014	Bifunctional protein putA OS=Escherichia coli (strain K12) GN=putA PE=1 SV=3	putA	36	2535.67	143707.3978	b1014	C	Energy production and conversion	METABOLISM	0.045496130356303933	0.06652411499168448	0.0625136612021858	0.0632502904350071	0.0576100309230313	0.08572143661619322	0.06644311972180823	0.05609372412651101	0.07716865464089155	0.05887785730778111	0.05999852311327721
b1109	NADH dehydrogenase OS=Escherichia coli (strain K12) GN=ndh PE=1 SV=2	ndh	18	1368.88	47310.63259	b1109	C	Energy production and conversion	METABOLISM	0.0709640728927132	0.04395343311950582	0.09639344262295083	0.051417753108730264	0.06841191172109967	0.07153881449964543	0.0722387812551747	0.05919854280510018	0.2291556495681297	0.10005387516354962	0.16411903706985675
b1136	Isocitrate dehydrogenase [NADP] OS=Escherichia coli (strain K12) GN=icd PE=1 SV=1	icd	38	2595.05	45709.46787	b1136	C	Energy production and conversion	METABOLISM	4.0798160373859504	5.416963649322879	5.879781420765028	4.8405834516587065	4.511373745075613	5.026488132482377	3.870673952641166	5.278191753601589	4.798558473862546	4.925729238820903	3.3229951262738147
b1224	Respiratory nitrate reductase 1 alpha chain OS=Escherichia coli (strain K12) GN=narG PE=1 SV=4	narG	4	136.9	140382.5073	b1224	C	Energy production and conversion	METABOLISM	0.0027693296738619784	0.00052744119743407	0.0008349726775956283	0.00025171033948625274	0.002329817427034354	0.0018061986401368207	0.0007016890213611523	0.0011570624275542309	0.00039367765438627416	7.253905949357347e-05	0.0004947570521341014
b1225	Respiratory nitrate reductase 1 beta chain OS=Escherichia coli (strain K12) GN=narH PE=1 SV=3	narH	1	106.1	58010.799320000006	b1225	C	Energy production and conversion	METABOLISM	1.0162450856761367e-06	1.0192444761225946e-06	1.0207650273224044e-06	3.248569338668732e-05	3.346465031558436e-05	1.005297626496475e-06	1.0121708892200695e-06	1.0266600430534855e-06	1.0125937677497698e-06	1.0313245593781268e-06	1.0910500664599024e-06
b1226	Nitrate reductase molybdenum cofactor assembly chaperone NarJ OS=Escherichia coli (strain K12) GN=narJ PE=1 SV=1	narJ	3	122.99	26414.47486	b1226	C	Energy production and conversion	METABOLISM	8.604702915214005e-05	0.00014611546685673558	0.0005530054644808743	0.00042166860290004726	0.0001774897276231626	0.0006820172694281065	0.0007016890213611523	0.00016248551084616658	0.00010772274124997551	9.139536673593473e-05	8.141338059370846e-05
b1227	Respiratory nitrate reductase 1 gamma chain OS=Escherichia coli (strain K12) GN=narI PE=1 SV=1	narI	1	26.26	25462.376809999998	b1227	C	Energy production and conversion	METABOLISM	1.7481393566253742e-06	1.751009741031124e-06	1.7486338797814208e-06	1.7426100425971341e-06	1.7643071970178336e-06	1.7728277645684727e-06	1.7469779764861733e-06	1.7635370094386487e-06	1.7686115517950524e-06	1.7875009620564922e-06	3.0276177817161416e-05
b1241	Aldehyde-alcohol dehydrogenase OS=Escherichia coli (strain K12) GN=adhE PE=1 SV=2	adhE	58	4443.68	96048.64958	b1241	C	Energy production and conversion	METABOLISM	2.4973419380362487	1.7082442385364698	1.1475409836065575	1.3747257002710724	1.368238234421993	2.440245275935427	1.7117900314621628	1.9725948004636527	2.624517695908495	1.4892634495497576	5.889085807118594
b1276	Aconitate hydratase 1 OS=Escherichia coli (strain K12) GN=acnA PE=1 SV=3	acnA	31	2147.6	97597.74141	b1276	C	Energy production and conversion	METABOLISM	0.5241945454095888	0.6153480636730815	0.27759562841530055	0.4646960113592359	0.40454102596687425	0.515162891586368	0.27115416459678754	0.4243252194071866	0.16040895469769081	0.1856769029477411	0.20122581597991432
b1300	Gamma-glutamyl-gamma-aminobutyraldehyde dehydrogenase OS=Escherichia coli (strain K12) GN=puuC PE=3 SV=2	puuC	7	591.95	53367.43457	b1300	C	Energy production and conversion	METABOLISM	0.005959004030363722	0.005892135899263484	0.011300546448087432	0.009659653199087818	0.01311051806667514	0.031076627873023822	0.013267925153171052	0.06768504719324392	0.01645220048181444	0.01962595243592704	0.027137793531236153
b1378	Probable pyruvate-flavodoxin oxidoreductase OS=Escherichia coli (strain K12) GN=ydbK PE=3 SV=2	ydbK	9	405.85	128725.189	b1378	C	Energy production and conversion	METABOLISM	0.02064634176495314	0.023996198622000475	0.018994535519125683	0.022804526483369905	0.0294404202143432	0.042130730405039	0.026701440635866863	0.022561682397747973	0.021544548249995105	0.026937581774801815	0.03267611874169252
b1380	D-lactate dehydrogenase OS=Escherichia coli (strain K12) GN=ldhA PE=1 SV=1	ldhA	7	335.98	36493.43166	b1380	CHR	Energy production and conversion	METABOLISM	0.04129268352990628	0.05250653361843669	0.07234972677595627	0.04969665677036272	0.0294404202143432	0.060693279939932426	0.06499420433846662	0.045123364795495946	0.04132636073408152	0.06599707534826443	0.020491803278688523
b1385	Phenylacetaldehyde dehydrogenase OS=Escherichia coli (strain K12) GN=feaB PE=1 SV=2	feaB	4	172.36	53647.301060000005	b1385	C	Energy production and conversion	METABOLISM	0.008926142966644414	0.004799239724400096	0.004218579234972678	0.007658878705735553	0.00563392214173762	0.0035039419346765115	0.004284649776453054	0.007327372081470441	0.003466713672953757	0.001296852151158316	0.003618372470831487
b1392	Probable phenylacetic acid degradation NADH oxidoreductase paaE OS=Escherichia coli (strain K12) GN=paaE PE=2 SV=1	paaE	1	27.16	39276.809689999995	b1392	C	Energy production and conversion	METABOLISM	1.0162450856761367e-06	1.0121168923734855e-06	1.0185792349726777e-06	1.0089927283679703e-06	8.556784004744356e-06	1.0115546656655404e-06	1.0245901639344263e-06	1.0245901639344263e-06	1.0223867442270405e-06	1.0390210113137844e-06	1.0135135135135134e-06
b1406	Putative oxidoreductase YdbC OS=Escherichia coli (strain K12) GN=ydbC PE=1 SV=1	ydbC	11	694.81	30668.769710000004	b1406	C	Energy production and conversion	METABOLISM	0.11126771011052593	0.11451651223568544	0.062076502732240434	0.09423002452562282	0.062481467361375866	0.07863012555791932	0.06354528895512503	0.0703758900480212	0.032512681904538064	0.040598783960594166	0.032306897060995425
b1415	Lactaldehyde dehydrogenase OS=Escherichia coli (strain K12) GN=aldA PE=1 SV=2	aldA	41	2623.32	52221.71682	b1415	C	Energy production and conversion	METABOLISM	6.132087134980095	3.540033262057496	5.180327868852459	5.3784260573985625	4.977337230482485	3.107662787302382	2.939228349064414	5.485179665507533	1.0184695536361323	0.5849303471099823	1.5193472160685273
b1444	Gamma-aminobutyraldehyde dehydrogenase OS=Escherichia coli (strain K12) GN=prr PE=1 SV=1	prr	13	1244.43	50779.905269999996	b1444	C	Energy production and conversion	METABOLISM	0.42528991420023243	0.10287479211214065	0.21814207650273224	0.430274084591885	0.3410005506841191	0.16268301839569516	0.2214770657393608	0.20533200861069714	0.04994418003407955	0.05079658277534057	0.05058337025550141
b1479	NAD-dependent malic enzyme OS=Escherichia coli (strain K12) GN=maeA PE=1 SV=4	maeA	22	1291.18	63139.249039999995	b1479	C	Energy production and conversion	METABOLISM	0.0736839502509705	0.15229270610596343	0.10994535519125682	0.1316638698851168	0.1152200618460626	0.10157260251115838	0.1043219076005961	0.09583540321245237	0.09146640029770647	0.1065958593088586	0.09895141042682028
b1501	Protein ydeP OS=Escherichia coli (strain K12) GN=ydeP PE=1 SV=1	ydeP	1	50.74	83423.72025	b1501	C	Energy production and conversion	METABOLISM	0.0008555250599609327	0.0008244238536469471	0.0022513661202185793	0.0	0.001412716567119922	0.002711383639928252	0.000490561351217089			0.001722081120603402	
b1525	Aldehyde dehydrogenase-like protein yneI OS=Escherichia coli (strain K12) GN=yneI PE=1 SV=2	sad	3	162.33	49668.16816	b1525	C	Energy production and conversion	METABOLISM	0.004747422298049106	0.0009836065573770492	0.0019737704918032788	0.002323480056796179	0.006798830855254797	0.0036499395152880328	0.0043467461500248375	0.004326047358834243	0.005523238733180563	0.002712999307319326	0.004098360655737704
b1588	Probable dimethyl sulfoxide reductase chain ynfF OS=Escherichia coli (strain K12) GN=ynfF PE=3 SV=4	ynfF	1	22.93	89911.87075	b1588	C	Energy production and conversion	METABOLISM	1.1942734218529784e-05	1.1712995961035876e-06	1.1562841530054645e-06	1.1703455100899273e-06	1.1606726818316602e-06	3.503941934676512e-05	1.1508527901970526e-06	1.1777612187448252e-06	2.761619366590281e-05	1.1794812591395368e-06	1.1852015950376608e-06
b1602	NAD(P) transhydrogenase subunit beta OS=Escherichia coli (strain K12) GN=pntB PE=1 SV=1	pntB	15	925.02	48673.51161	b1602	C	Energy production and conversion	METABOLISM	0.1913804613901046	0.1603706343549537	0.30819672131147535	0.23449937610257732	0.24145380607446945	0.41713594460434655	0.36015896671634373	0.3539493293591654	0.3740917014317332	0.4637112291233742	0.5335253286072957
b1603	NAD(P) transhydrogenase subunit alpha OS=Escherichia coli (strain K12) GN=pntA PE=1 SV=2	pntA	15	876.92	54570.52368	b1603	C	Energy production and conversion	METABOLISM	0.1770392898647479	0.12877167973390355	0.2797814207650273	0.1710339486252743	0.23509975854619392	0.3170233178993034	0.25252525252525254	0.2401059778108958	0.3016236754999314	0.3386438851689372	0.4818342933097032
b1611	Fumarate hydratase class II OS=Escherichia coli (strain K12) GN=fumC PE=1 SV=1	fumC	16	1328.8	50438.71	b1611	C	Energy production and conversion	METABOLISM	0.4203446826397646	0.190544072226182	0.1121311475409836	0.19685039370078738	0.16711144999364594	0.30868059900721645	0.09831925815532372	0.21940718662030134	0.07011771157725678	0.08023551142923112	0.1035666814355339
b1612	Fumarate hydratase class I, aerobic OS=Escherichia coli (strain K12) GN=fumA PE=1 SV=2	fumA	36	2533.65	60242.56175	b1612	C	Energy production and conversion	METABOLISM	0.516776698068887	1.1356616773580424	0.7191256830601093	0.894970095951121	0.9361630024992587	0.5860760021691069	0.5216095380029806	0.8983275376718	0.42109798852263153	0.25975525282844614	0.5076798109584995
b1629	Electron transport complex protein rnfC OS=Escherichia coli (strain K12) GN=rnfC PE=3 SV=1	rsxC	2	93.95	80103.92128	b1629	C	Energy production and conversion	METABOLISM	0.001923695077021982	0.001463530529817059	0.0014360655737704917	0.0019706553074308334	0.0017325369593764561	0.0012743503107662786	0.0022354694485842027	0.0019187779433681074	0.0019155061989541101	0.002616793658123605	0.0023076355043568156
b1631	Electron transport complex protein rnfG OS=Escherichia coli (strain K12) GN=rnfG PE=3 SV=1	rsxG	2	76.95	21880.35735	b1631	C	Energy production and conversion	METABOLISM	0.005439754716514601	0.005868377286766454	0.006098360655737704	0.007422227959210016	0.005316219765323845	0.007237308638885414	0.006168239774797152	0.005526577247888724	0.005151105627044283	0.0063110905872392825	0.004762959680992469
b1650	N-ethylmaleimide reductase OS=Escherichia coli (strain K12) GN=nemA PE=1 SV=1	nemA	6	360.43	39474.11065	b1650	C	Energy production and conversion	METABOLISM	0.0034122097767227953	0.008505583273936801	0.008	0.010025386170990922	0.007434235608082349	0.010449255412338883	0.01186040735221063	0.0051953965888392115	0.01134026676067924	0.0125067343954437	0.007292128193767539
b1687	Uncharacterized protein ydiJ OS=Escherichia coli (strain K12) GN=ydiJ PE=4 SV=1	ydiJ	24	1182.07	113157.9224	b1687	C	Energy production and conversion	METABOLISM	0.0707168113146898	0.09337134711332859	0.10251366120218579	0.0955208467793985	0.11564366501461432	0.0921870437575606	0.097284318595794	0.07927637025997682	0.0781479522886186	0.08350650350188564	0.11316644513365826
b1746	N-succinylglutamate 5-semialdehyde dehydrogenase OS=Escherichia coli (strain K12) GN=astD PE=1 SV=1	astD	2	147.06	52975.16476	b1746	C	Energy production and conversion	METABOLISM	0.000927230917587716	0.001173675457353291	0.0006622950819672131	0.0024525622821737446	0.0013767102977930274	0.001240979435197931	0.0008589998344096705	0.0011322238781255173	0.00010067179818634078	0.000908181328407604	0.0011390488849505245
b1765	Putative NAD(P)H nitroreductase ydjA OS=Escherichia coli (strain K12) GN=ydjA PE=1 SV=1	ydjA	5	368.45	20028.122369999997	b1765	C	Energy production and conversion	METABOLISM	0.11398758746878324	0.13114754098360656	0.1363934426229508	0.12628544382771828	0.12559833947557927	0.14558044466691694	0.1407517800960424	0.13868190097698294	0.15707934269541882	0.12891556992226585	0.13181214000886132
b2133	D-lactate dehydrogenase OS=Escherichia coli (strain K12) GN=dld PE=1 SV=3	dld	30	1565.74	64553.60212	b2133	C	Energy production and conversion	METABOLISM	0.1362411294908884	0.1710620099786173	0.13530054644808742	0.15920141129899748	0.13703562502647518	0.12889500688274308	0.12357178340784898	0.12709057791025005	0.15688348316587344	0.12545216655121988	0.1083665632845961
b2206	Periplasmic nitrate reductase OS=Escherichia coli (strain K12) GN=napA PE=1 SV=3	napA	2	107.06	92964.82882000001	b2206	C	Energy production and conversion	METABOLISM	0.00014959325470415152	1.772392492278451e-05	0.005377049180327869	0.0003011918592143195	0.0008853306222730544	0.0004400784215575856	0.000801043219076006			0.00020780420226275688	
b2239	Glycerophosphoryl diester phosphodiesterase OS=Escherichia coli (strain K12) GN=glpQ PE=1 SV=2	glpQ	12	522.55	40799.26496	b2239	C	Energy production and conversion	METABOLISM	0.007022228815864302	0.01487289142314089	0.012808743169398906	0.01540381222838948	0.009234549074427075	0.0184165519542819	0.08734889882430866	0.01055638350720318	0.007011771157725678	0.021357654121450013	0.010338207059518534
b2241	Anaerobic glycerol-3-phosphate dehydrogenase subunit A OS=Escherichia coli (strain K12) GN=glpA PE=1 SV=1	glpA	14	681.29	58903.373470000006	b2241	C	Energy production and conversion	METABOLISM	0.005563385505526296	0.003563791874554526	0.004021857923497267	0.003356137859816703	0.003240564239420511	0.003253660367913903	0.09624937903626428	0.003270409008113926	0.007188044734316549	0.0026745170476410378	0.0019014916555900165
b2243	Anaerobic glycerol-3-phosphate dehydrogenase subunit C OS=Escherichia coli (strain K12) GN=glpC PE=1 SV=1	glpC	2	77.58	44061.53167	b2243	C	Energy production and conversion	METABOLISM	2.0918329500778877e-05	9.004514136374436e-07	9.005464480874318e-07	7.164063508454885e-05	9.022747490151226e-07	3.35794435406499e-05	0.0005774962742175856	1.4095876800794833e-05	1.5903793799087297e-05	9.101054413915184e-07	1.8405700782749962e-05
b2276	NADH-quinone oxidoreductase subunit N OS=Escherichia coli (strain K12) GN=nuoN PE=1 SV=2	nuoN	1	72.16	51992.046760000005	b2276	C	Energy production and conversion	METABOLISM	0.003931459090571915	0.0042765502494654314	0.00926775956284153	0.008756077621444862	0.004701995170923878	0.011054102532015183	0.012584865043881436	0.006685709554562012	0.005719098262725973	0.0033287154621719386	0.009212080933392408
b2277	NADH-quinone oxidoreductase subunit M OS=Escherichia coli (strain K12) GN=nuoM PE=1 SV=1	nuoM	1	38.17	56468.78099	b2277	C	Energy production and conversion	METABOLISM	0.000961847538510991	0.0012615823235923023	0.0034535519125683057	0.0017985456735940793	0.0013449400601516497	0.003545655529136945	0.002463156151680742	0.0016434840205332008	0.001040014101886127	0.001797121526976064	0.0023260965883916706
b2278	NADH-quinone oxidoreductase subunit L OS=Escherichia coli (strain K12) GN=nuoL PE=1 SV=2	nuoL	1	50.5	66376.18892999999	b2278	CP	Energy production and conversion	METABOLISM	0.00010459164750389438	0.0008743169398907105	0.0005202185792349726	0.000759433759304677	0.00011585546659889018	0.0005214199307554332	0.0005567974830269911	0.00027943368107302534	1.7235638599996085e-06	0.00039444316170245515	0.0006775217840791611
b2279	NADH-quinone oxidoreductase subunit K OS=Escherichia coli (strain K12) GN=nuoK PE=1 SV=1	nuoK	1	56.19	10819.97948	b2279	C	Energy production and conversion	METABOLISM	0.0037336498281532035	0.003825136612021859	0.007693989071038251	0.005206316423561809	0.006523488795696192	0.007717014975180412	0.018608213280344427	0.0073066732902798475	0.010263039348179485	0.007927345493727393	0.009304386353566682
b2281	NADH-quinone oxidoreductase subunit I OS=Escherichia coli (strain K12) GN=nuoI PE=1 SV=1	nuoI	6	261.7	20506.12496	b2281	C	Energy production and conversion	METABOLISM	0.020967781816383552	0.019767165597529106	0.026448087431693988	0.03248569338668732	0.02583979328165375	0.037333667042089014	0.03311806590495115	0.02421758569299553	0.015179113539769277	0.019241129839144153	0.01883030571555162
b2282	NADH-quinone oxidoreductase subunit H OS=Escherichia coli (strain K12) GN=nuoH PE=1 SV=1	nuoH	3	152.72	36176.95551	b2282	C	Energy production and conversion	METABOLISM	0.004401256088816359	0.02154906153480637	0.022295081967213116	0.01637192891872122	0.0027957809124412253	0.02335961289784341	0.018877297565822154	0.007617155158138763	0.0033883698611355934	0.015354421611637036	0.010245901639344262
b2283	NADH-quinone oxidoreductase subunit G OS=Escherichia coli (strain K12) GN=nuoG PE=1 SV=4	nuoG	32	2198.98	100217.9683	b2283	C	Energy production and conversion	METABOLISM	0.37336498281532027	0.34449988120693753	0.4852459016393443	0.4991179381265866	0.504087770576524	0.4880490551870854	0.5050505050505051	0.5071203841695645	0.26636896018175765	0.2982375125067344	0.4541426672574214
b2284	NADH-quinone oxidoreductase subunit F OS=Escherichia coli (strain K12) GN=nuoF PE=1 SV=3	nuoF	19	929.2	49242.939589999994	b2284	C	Energy production and conversion	METABOLISM	0.11843829587320427	0.09907341411261583	0.11650273224043715	0.13919366636547478	0.1400008472063371	0.1364034538856213	0.1453055141579732	0.12916045702930945	0.074034902168165	0.06195643808204418	0.11925860286516027
b2285	NADH-quinone oxidoreductase subunit E OS=Escherichia coli (strain K12) GN=nuoE PE=1 SV=1	nuoE	11	656.05	18560.16361	b2285	C	Energy production and conversion	METABOLISM	0.06923324184654946	0.05749584224281302	0.08043715846994536	0.09982358762531732	0.08853306222730545	0.10657823384641053	0.08921179003146215	0.08217420102666004	0.04778972520908005	0.044447009928422994	0.061106188155368474
b2286	NADH-quinone oxidoreductase subunit C/D OS=Escherichia coli (strain K12) GN=nuoC PE=1 SV=3	nuoC	31	1769.66	68174.53177999999	b2286	C	Energy production and conversion	METABOLISM	0.2546794253640927	0.23996198622000472	0.2644808743169399	0.32270556344391377	0.29228618630067355	0.36499395152880315	0.38292763702599764	0.32911077993045207	0.22132126838631333	0.20395597629492804	0.31568453699601245
b2287	NADH-quinone oxidoreductase subunit B OS=Escherichia coli (strain K12) GN=nuoB PE=1 SV=1	nuoB	9	473.2	25021.386140000002	b2287	C	Energy production and conversion	METABOLISM	0.02198155428627946	0.026372059871703497	0.03453551912568307	0.046684738178219526	0.025204388528826196	0.04984774538021941	0.0445024010597781	0.029392283490644145	0.018782928883404826	0.024436234895713078	0.026768571850539064
b2288	NADH-quinone oxidoreductase subunit A OS=Escherichia coli (strain K12) GN=nuoA PE=3 SV=1	nuoA	3	144.85	16428.6146	b2288	C	Energy production and conversion	METABOLISM	0.02269861286254729	0.027559990496554998	0.033661202185792355	0.038294393528677764	0.0294404202143432	0.05276769699244984	0.04181155820500082	0.03932770326212949	0.03192510331590183	0.022896944508581544	0.048921872692364504
b2296	Acetate kinase OS=Escherichia coli (strain K12) GN=ackA PE=1 SV=1	ackA	16	1176.04	43245.07012	b2296	C	Energy production and conversion	METABOLISM	0.5291397769700567	0.2494654312188168	1.2983606557377048	0.3700357127490211	0.521031897318592	0.30868059900721645	0.3849975161450572	0.5485179665507534	0.703135711068022	0.42330485646117144	0.6332151823955102
b2463	NADP-dependent malic enzyme OS=Escherichia coli (strain K12) GN=maeB PE=1 SV=1	maeB	46	2485.6	82346.78295	b2463	C	Energy production and conversion	METABOLISM	0.3338031303315778	0.4894274174388216	0.37595628415300547	0.39370078740157477	0.42148515270894227	0.3733366704208902	0.32083126345421425	0.45123364795495935	0.25853457899994126	0.12333564226891405	0.313838428592527
b2525	2Fe-2S ferredoxin OS=Escherichia coli (strain K12) GN=fdx PE=1 SV=2	fdx	8	427.59	12304.8297	b2525	C	Energy production and conversion	METABOLISM	0.08307989021585936	0.10049893086243764	0.09202185792349728	0.09423002452562282	0.08938026856440887	0.0802986693363367	0.10701275045537341	0.0796903460837887	0.0975380457136142	0.10775032709920726	0.10467434647762516
b2529	NifU-like protein OS=Escherichia coli (strain K12) GN=nifU PE=1 SV=1	iscU	9	494.3	13821.84619	b2529	C	Energy production and conversion	METABOLISM	0.4401256088816359	0.37063435495367075	0.3453551912568306	0.32700830428983263	0.3113483288855	0.3003378801151296	0.42846497764530544	0.4450240105977811	0.5738684215680514	0.41560840452551384	0.5224486781863832
b2552	Flavohemoprotein OS=Escherichia coli (strain K12) GN=hmp PE=1 SV=1	hmp	11	595.45	43822.01281	b2552	C	Energy production and conversion	METABOLISM	0.009667927700714587	0.0076265146115466875	0.013464480874316941	0.016027709651047717	0.016372262464523234	0.016393442622950817	0.01260556383507203	0.02111276701440636	0.023894862604540025	0.02078042022627569	0.017408802244867818
b2584	Uncharacterized protein yfiQ OS=Escherichia coli (strain K12) GN=yfiQ PE=4 SV=1	yfiQ	7	430.83	97907.95641	b2584	C	Energy production and conversion	METABOLISM	0.01767920282867245	0.00943216916132098	0.015584699453551914	0.01452175035497612	0.011077222857626974	0.011325240896008008	0.007969034608378871	0.014447756251034938	0.005209863485907907	0.0053875163549603625	0.005926007975188303
b2661	Succinate-semialdehyde dehydrogenase [NADP+] OS=Escherichia coli (strain K12) GN=gabD PE=1 SV=1	gabD	18	1025.2	51669.60686	b2661	C	Energy production and conversion	METABOLISM	0.27940558316643177	0.2188168210976479	0.2579234972677596	0.21147971257691148	0.16711144999364594	0.26279564510073833	0.2011922503725782	0.310481867858917	0.17039779070450672	0.118525359809128	0.13901196278245462
b2717	Hydrogenase 3 maturation protease OS=Escherichia coli (strain K12) GN=hycI PE=1 SV=2	hycI	3	119.99	17027.3572	b2717	C	Energy production and conversion	METABOLISM	0.0014266993051949655	0.0008434307436445711	0.0010360655737704917	0.0006152919409663956	0.000870504511373745	0.0008342718892086932	0.0010142407683391289	0.0007534359993376387	0.0011418610572497404	0.0005907026860617256	0.0008085954807266282
b2721	Formate hydrogenlyase subunit 5 OS=Escherichia coli (strain K12) GN=hycE PE=1 SV=1	hycE	2	53.35	64920.752889999996	b2721	C	Energy production and conversion	METABOLISM	0.0002645698884850283	9.028272748871467e-05	0.00020065573770491804	0.00016006195946818123	0.0005824543567585885	0.0002711383639928253	0.0003953469117403543	0.00037257824143070045	0.00020369391072722645	0.000227045332101901	0.0007052134101314429
b2790	Uncharacterized protein yqcA OS=Escherichia coli (strain K12) GN=yqcA PE=3 SV=1	yqcA	2	70.05	16245.97352	b2790	C	Energy production and conversion	METABOLISM	0.005612837821130975	0.011427892611071515	0.006907103825136611	0.006088378296975174	0.0018702079891557586	0.006841029491511282	0.007513661202185791	0.003974167908594138	0.003975948449771824	0.008119756792118835	0.001781494609363462
b2799	Lactaldehyde reductase OS=Escherichia coli (strain K12) GN=fucO PE=1 SV=1	fucO	7	322.14	40600.70263	b2799	C	Energy production and conversion	METABOLISM	0.03164948198699405	0.033737229745782846	0.014994535519125683	0.018480271933221465	0.01899860210954378	0.016581153798022774	0.011612021857923498	0.018794502401059777	0.00703135711068022	0.00536827522512122	0.006221385319745976
b2834	Protein tas OS=Escherichia coli (strain K12) GN=tas PE=1 SV=1	tas	4	222.89	38457.6131	b2834	C	Energy production and conversion	METABOLISM	0.027940558316643174	0.022119268234735093	0.020131147540983607	0.02151370422959425	0.01505909264201296	0.02794810828849122	0.029185295578738203	0.021733730750124195	0.022719705427267565	0.02982375125067344	0.02233791168217398
b2867	Xanthine dehydrogenase FAD-binding subunit OS=Escherichia coli (strain K12) GN=xdhB PE=3 SV=1	xdhB	3	128.44	31519.11675	b2867	C	Energy production and conversion	METABOLISM	0.00026704250426526225	0.00011499168448562604	0.0003978142076502733	0.0010025386170990922	0.000550684119117211	0.000554790806323781	0.00028150356019208473			0.0009120295543754331	
b2868	Xanthine dehydrogenase iron-sulfur-binding subunit OS=Escherichia coli (strain K12) GN=xdhC PE=3 SV=1	xdhC	1	70.93	16892.39962	b2868	C	Energy production and conversion	METABOLISM	5.736468610142669e-05	1.318602993585175e-05	9.114754098360657e-05	0.00045824190009035757	9.848773668827044e-05	0.00010490969006799317	0.0007492962410995198			0.0001069806819056415	
b2895	Flavodoxin-2 OS=Escherichia coli (strain K12) GN=fldB PE=3 SV=1	fldB	2	160.91	19669.48877	b2895	C	Energy production and conversion	METABOLISM	0.011942734218529785	0.015134236160608223	0.019322404371584702	0.017124908566757024	0.02266276951751599	0.02607099653777166	0.01844262295081967	0.025459513164431194	0.029770648490902326	0.04329254213807435	0.026583961010190515
b2962	Probable Fe(2+)-trafficking protein OS=Escherichia coli (strain K12) GN=yggX PE=1 SV=2	yggX	10	371.21	10927.416009999999	b2962	CO	Energy production and conversion	METABOLISM	0.11324580273471306	0.06961273461629841	0.10557377049180328	0.09014242072199992	0.08768585589020206	0.12284653568598006	0.104735883424408	0.09562841530054643	0.1425857375090585	0.12025706149465097	0.11390488849505243
b2975	Glycolate permease glcA OS=Escherichia coli (strain K12) GN=glcA PE=1 SV=1	glcA	2	92.76	58863.68758	b2975	C	Energy production and conversion	METABOLISM	0.006601884133224539	0.009337134711332858	0.00037814207650273225	0.004776042338969923	0.0014847291057737111	0.006048471196763024	0.0014861732074846828	0.0038706739526411654	0.0006345848757271286	0.0001902947741091357	0.0001630113720277655
b2976	Malate synthase G OS=Escherichia coli (strain K12) GN=glcB PE=1 SV=3	glcB	30	1775.61	80419.85712999999	b2976	C	Energy production and conversion	METABOLISM	0.42281729841999854	0.7531480161558566	0.08437158469945355	0.2839808958306441	0.2541619011310205	0.2982522003921078	0.21112767014406358	0.32290114257327374	0.11399024619542862	0.07253905949357348	0.1092896174863388
b2979	Glycolate oxidase subunit glcD OS=Escherichia coli (strain K12) GN=glcD PE=3 SV=1	glcD	2	61.87	53759.593	b2979	C	Energy production and conversion	METABOLISM	0.005044136191677174	0.010144927536231885	0.0022950819672131143	0.004668473817821953	0.007455415766509934	0.002836524423309556	0.004284649776453054	0.007617155158138763	0.006600466145680319	0.0057530978219041025	0.007735194210604046
b2993	Hydrogenase 2 maturation protease OS=Escherichia coli (strain K12) GN=hybD PE=1 SV=2	hybD	1	72.62	17721.47511	b2993	C	Energy production and conversion	METABOLISM	0.0003140222040897065	0.0006153480636730816	0.0003016393442622951	0.00040876038036229075	0.0009361630024992588	0.00024819588703958614	8.714191091240273e-05	0.00032911077993045206	0.0006169575180680417	0.0008235203571153699	0.00039506719834588695
b2994	Hydrogenase-2 large chain OS=Escherichia coli (strain K12) GN=hybC PE=1 SV=2	hybC	3	227.61	62433.71435	b2994	C	Energy production and conversion	METABOLISM	0.0005538659347723957	0.001100023758612497	0.0008437158469945356	0.0018716922679746994	0.002223916634896429	0.0009302131564676928	0.001088756416625269	0.0013764696141745322	0.0009557945041816009	0.001083275609943816	0.00047998818490621776
b2996	Hydrogenase-2 operon protein hybA OS=Escherichia coli (strain K12) GN=hybA PE=3 SV=1	hybA	4	219.88	35961.55914	b2996	C	Energy production and conversion	METABOLISM	1.6789061147788247e-05	0.01789023521026372	0.0006710382513661202	0.0053999397616281575	0.0017155928326343878	0.011033245734784964	0.004181155820500083			0.01698991764796429	
b3001	Uncharacterized protein yghZ OS=Escherichia coli (strain K12) GN=yghZ PE=1 SV=1	gpr	13	695.77	38789.70115	b3001	C	Energy production and conversion	METABOLISM	0.09198130702470142	0.12710857685911145	0.07934426229508197	0.08390344649541759	0.0777311814292371	0.050890585241730284	0.04429541314787216	0.06354528895512503	0.029574788961356915	0.02078042022627569	0.030276177817161427
b3011	Alcohol dehydrogenase YqhD OS=Escherichia coli (strain K12) GN=yqhD PE=1 SV=1	yqhD	20	1170.24	42052.789469999996	b3011	C	Energy production and conversion	METABOLISM	0.06082634819375417	0.07507721549061537	0.06972677595628415	0.06561679790026247	0.03939509467530817	0.06653318316439326	0.23389634045371752	0.07389468455042225	0.24286581663630843	0.14122989301931813	0.3452222714517797
b3081	2,4-dienoyl-CoA reductase [NADPH] OS=Escherichia coli (strain K12) GN=fadH PE=1 SV=3	fadH	10	558.77	72614.31572	b3081	C	Energy production and conversion	METABOLISM	0.03362757461118117	0.052744119743406995	0.04306010928961749	0.04948151972806678	0.0285932138772398	0.0273224043715847	0.028150356019208476	0.03311806590495115	0.01451319113931488	0.00990918186715924	0.01696573622803131
b3114	Keto-acid formate acetyltransferase OS=Escherichia coli (strain K12) GN=tdcE PE=1 SV=2	tdcE	1	319.83	85863.1899	b3114	C	Energy production and conversion	METABOLISM	0.005019410033874836	6.296032311712996e-06	1.1256830601092895e-05	0.00020222881975818596	0.0003240564239420511	0.0013848913360864307	0.0003166915052160954			0.008369891480027708	
b3160	Uncharacterized protein yhbW OS=Escherichia coli (strain K12) GN=yhbW PE=4 SV=1	yhbW	4	216.36	37087.72888	b3160	C	Energy production and conversion	METABOLISM	0.004327077615409342	0.008077928248990259	0.006688524590163935	0.008067639086097844	0.004765535646206633	0.007800442164101281	0.012439973505547274	0.006271733730750123	0.005346965156589695	0.013083968290618026	0.0054829419583517945
b3236	Malate dehydrogenase OS=Escherichia coli (strain K12) GN=mdh PE=1 SV=1	mdh	27	2213.0	32299.20422	b3236	C	Energy production and conversion	METABOLISM	6.601884133224538	15.253029223093373	15.125683060109289	8.003097973409062	8.133180836192656	7.48759020564802	7.3273720814704415	10.080311309819507	7.423076169771041	5.483722004156085	7.495200118150938
b3253	Putative quinone oxidoreductase YhdH OS=Escherichia coli (strain K12) GN=yhdH PE=1 SV=1	acuI	13	827.53	34683.88067	b3253	CR	Energy production and conversion	METABOLISM	0.2012709245110402	0.13851271085768593	0.16852459016393442	0.17060367454068243	0.14021264879061293	0.15246318775288867	0.16559032952475575	0.1657973174366617	0.13690581115224162	0.12160394058339108	0.1211047112686457
b3355	Probable phosphoribulokinase OS=Escherichia coli (strain K12) GN=prkB PE=3 SV=1	prkB	5	537.41	32305.49054	b3355	C	Energy production and conversion	METABOLISM	0.030660435674900476	0.03136136849607984	0.035628415300546445	0.03334624155587109	0.02329817427034354	0.0327451716514412	0.03229011425732736	0.021733730750124195	0.026832755547721174	0.01783652736088663	0.025476295968099246
b3365	Nitrite reductase [NAD(P)H] large subunit OS=Escherichia coli (strain K12) GN=nirB PE=3 SV=4	nirB	8	439.9	93044.21918	b3365	C	Energy production and conversion	METABOLISM	0.0008901416808842074	0.0012330719885958663	0.001112568306010929	0.0009293920227184718	0.0010505358580082179	0.0013181495849497351	0.0010721973836727934	0.0014675442954131478	0.0006463364474998531	0.0009024089894558609	0.0014528873135430513
b3426	Aerobic glycerol-3-phosphate dehydrogenase OS=Escherichia coli (strain K12) GN=glpD PE=1 SV=3	glpD	29	1604.83	56697.069970000004	b3426	C	Energy production and conversion	METABOLISM	0.027940558316643174	0.023996198622000475	0.017245901639344263	0.01837270341207349	0.026475198034481298	0.019042255871188418	1.1591323066732904	0.031462162609703595	0.03192510331590183	0.024436234895713078	0.030276177817161427
b3449	Glycerophosphoryl diester phosphodiesterase OS=Escherichia coli (strain K12) GN=ugpQ PE=1 SV=1	ugpQ	4	283.56	27374.04865	b3449	C	Energy production and conversion	METABOLISM	0.022253542022105187	0.021596578759800433	0.019475409836065573	0.02904350070995224	0.02245096793324014	0.020731656446836024	0.023596621957277696	0.01848402053320086	0.026441036488630353	0.01702839990764258	0.016688819967508497
b3500	Glutathione reductase OS=Escherichia coli (strain K12) GN=gor PE=1 SV=1	gor	19	1191.0	48723.63153	b3500	C	Energy production and conversion	METABOLISM	0.19410033874836188	0.14706581135661678	0.17136612021857922	0.17232477087904996	0.18320837039861054	0.2060651566345472	0.16683225699619142	0.19167080642490475	0.19566367001586463	0.15354421611637037	0.169288140599616
b3528	Aerobic C4-dicarboxylate transport protein OS=Escherichia coli (strain K12) GN=dctA PE=1 SV=1	dctA	5	231.11	45388.7442	b3528	C	Energy production and conversion	METABOLISM	0.04524886877828054	0.03706343549536707	0.020786885245901637	0.09659653199087818	0.09065107807006396	0.019688816585325158	0.015192912733896339	0.031876138433515486	0.008245686193861762	0.0053490340952820755	0.0101905183872397
b3551	Biotin sulfoxide reductase OS=Escherichia coli (strain K12) GN=bisC PE=3 SV=3	bisC	5	262.53	85778.27471	b3551	C	Energy production and conversion	METABOLISM	0.008357441337190614	0.003967688287004039	0.005486338797814208	0.0052493438320209964	0.007667217350785785	0.005631335252158679	0.007244576916708064	0.0070582877959927135	0.014121472080224061	0.008446855999384283	0.011722788362132624
b3553	Glyoxylate/hydroxypyruvate reductase B OS=Escherichia coli (strain K12) GN=ghrB PE=1 SV=3	ghrB	15	627.56	35355.05266	b3553	CHR	Energy production and conversion	METABOLISM	0.15231313206240885	0.11879306248515088	0.17901639344262293	0.12069188072802374	0.14127165671199218	0.1482918283068452	0.1403378042722305	0.18525418115582049	0.2291556495681297	0.2020318633110136	0.18165706690296854
b3588	Aldehyde dehydrogenase B OS=Escherichia coli (strain K12) GN=aldB PE=1 SV=2	aldB	30	1607.71	56252.479060000005	b3588	C	Energy production and conversion	METABOLISM	0.6774967237840911	0.3801377999524828	0.27759562841530055	0.4776042338969924	0.2329817427034354	0.2231677303633254	0.20388309322735548	0.273224043715847	0.10870203889770257	0.10582621411529286	0.07845960714813174
b3594	Protein yibA OS=Escherichia coli (strain K12) GN=yibA PE=1 SV=1	yibA	5	157.05	31835.55097	b3594	C	Energy production and conversion	METABOLISM	0.0021536483445837354	0.0024233784746970776	0.0009704918032786888	0.0009293920227184718	0.0009128648282289149	0.006611604721978893	0.0073066732902798475			0.0031747864234587856	
b3605	L-lactate dehydrogenase [cytochrome] OS=Escherichia coli (strain K12) GN=lldD PE=1 SV=1	lldD	9	551.7	42682.9454	b3605	C	Energy production and conversion	METABOLISM	0.07022228815864304	0.05108101686861487	0.033879781420765025	0.04840583451658707	0.0542212055746177	0.04338213823885203	0.039948666997847326	0.04802119556217916	0.0370174510840825	0.020203186331101363	0.03415300546448088
b3608	Glycerol-3-phosphate dehydrogenase [NAD(P)+] OS=Escherichia coli (strain K12) GN=gpsA PE=3 SV=1	gpsA	6	334.41	36320.64479	b3608	C	Energy production and conversion	METABOLISM	0.026704250426526223	0.04395343311950582	0.04262295081967213	0.04517877888214793	0.032617443978480966	0.03837650690359989	0.037671799966881934	0.03456698128829276	0.03192510331590183	0.037905025783113985	0.024184020085659428
b3731	ATP synthase epsilon chain OS=Escherichia coli (strain K12) GN=atpC PE=1 SV=2	atpC	9	754.25	15040.73788	b3731	C	Energy production and conversion	METABOLISM	0.4351803773211681	0.42290330244713714	0.7038251366120218	0.6195946818123145	0.597280467657898	0.5985900805072373	0.620963735717834	0.5816360324557046	0.5053175862271578	0.4868005849303471	0.5889085807118595
b3732	ATP synthase subunit beta OS=Escherichia coli (strain K12) GN=atpD PE=1 SV=2	atpD	38	2757.77	50275.81931	b3732	C	Energy production and conversion	METABOLISM	2.99186509408303	3.1836540746020434	5.5737704918032795	4.259713437459661	4.574914220358369	4.379927418345639	4.574432853121377	4.201854611690677	3.8780186849991187	3.8867082275071194	3.6922168069709054
b3733	ATP synthase gamma chain OS=Escherichia coli (strain K12) GN=atpG PE=1 SV=1	atpG	16	878.86	31539.27915	b3733	C	Energy production and conversion	METABOLISM	0.20102366293301685	0.2040864813494892	0.31912568306010924	0.258164450755131	0.24568983775998637	0.2461102073165645	0.2608047690014903	0.23182646133465803	0.21348688720449693	0.23281767105364426	0.21784079161128342
b3734	ATP synthase subunit alpha OS=Escherichia coli (strain K12) GN=atpA PE=1 SV=1	atpA	29	2800.06	55169.73662	b3734	C	Energy production and conversion	METABOLISM	2.6704250426526226	2.3996198622000473	3.8688524590163933	3.2485693386687315	3.8759689922480622	3.629082718057815	3.415300546448087	3.249710216923332	2.9574788961356915	2.559070268606173	3.2306897060995423
b3735	ATP synthase subunit delta OS=Escherichia coli (strain K12) GN=atpH PE=1 SV=1	atpH	12	788.83	19301.95116	b3735	C	Energy production and conversion	METABOLISM	0.41787206685953066	0.4324067474459492	0.6469945355191258	0.5141775310873026	0.559156182488245	0.5568764860468026	0.5278191753601589	0.48435171385991055	0.5014003956362497	0.4752559070268607	0.5206025697828977
b3736	ATP synthase subunit b OS=Escherichia coli (strain K12) GN=atpF PE=1 SV=1	atpF	11	685.03	17235.289819999998	b3736	C	Energy production and conversion	METABOLISM	0.3708923670350864	0.37301021620337377	0.7038251366120218	0.6002323480056795	0.5358580082179014	0.546448087431694	0.5899155489319423	0.5071203841695645	0.5131519674089743	0.4944970368660048	0.4836804017131886
b3737	ATP synthase subunit c OS=Escherichia coli (strain K12) GN=atpE PE=1 SV=1	atpE	1	73.23	8232.38507	b3737	C	Energy production and conversion	METABOLISM	0.006379348713003487	0.004704205274411975	0.011081967213114753	0.007336173142291641	0.00887448638115813	0.010282401034497141	0.010639178671965557	0.009066070541480375	0.008637405252952583	0.007523281767105365	0.008842859252695318
b3738	ATP synthase subunit a OS=Escherichia coli (strain K12) GN=atpB PE=1 SV=1	atpB	3	280.94	30265.357999999997	b3738	C	Energy production and conversion	METABOLISM	0.1965729545285958	0.09194583036350679	0.3475409836065574	0.2017985456735941	0.30923031304274157	0.14203478913778	0.21940718662030134	0.24838549428713358	0.23111424486358384	0.11179096436542753	0.2953773445576724
b3742	Protein mioC OS=Escherichia coli (strain K12) GN=mioC PE=1 SV=4	mioC	2	136.01	15779.90774	b3742	C	Energy production and conversion	METABOLISM	0.2596246569245605	0.1081016868614873	0.20721311475409832	0.15791058904522182	0.17854873554454187	0.1495432361406582	0.17987249544626596	0.18773803609869183	0.20761110131813462	0.2097283152466713	0.17704179589425492
b3850	Protoporphyrinogen IX dehydrogenase [menaquinone] OS=Escherichia coli (strain K12) GN=hemG PE=1 SV=1	hemG	5	283.55	21194.86359	b3850	CH	Energy production and conversion	METABOLISM	0.006230991766189452	0.006438583986695177	0.011038251366120218	0.008024611677638656	0.005739822933875546	0.012806073499353436	0.011053154495777448	0.007720649114091737	0.00881367882954345	0.007138459170322482	0.006516762664303647
b3892	Formate dehydrogenase, cytochrome b556(fdo) subunit OS=Escherichia coli (strain K12) GN=fdoI PE=1 SV=1	fdoI	2	42.98	24572.12915	b3892	C	Energy production and conversion	METABOLISM	1.2560888163588258e-06	1.2425754335946782e-06	1.2655737704918031e-06	1.2477948453164663e-06	2.0925996526454018e-05	3.6082259208275976e-05	1.260556383507203e-06	1.2502069879119059e-06	2.487416025226707e-05	1.3045486030939738e-05	2.7322404371584706e-05
b3893	Formate dehydrogenase-O iron-sulfur subunit OS=Escherichia coli (strain K12) GN=fdoH PE=1 SV=1	fdoH	6	280.88	33060.8989	b3893	C	Energy production and conversion	METABOLISM	0.0006700788764433894	0.002028985507246377	0.0002907103825136612	0.000819672131147541	0.00048078959630618034	0.00017853418429066028	0.00040776618645471104	0.000490561351217089	0.00018724171024541198	0.0004386977603324867	7.513661202185792e-05
b3894	Formate dehydrogenase-O major subunit OS=Escherichia coli (strain K12) GN=fdoG PE=1 SV=5	fdoG	16	1159.21	112549.0	b3894	C	Energy production and conversion	METABOLISM	0.0048216007714561235	0.006509859824186268	0.006797814207650274	0.005851727550449636	0.0052950396068962595	0.0050890585241730275	0.003270409008113926	0.0056714687862228835	0.005542824686135104	0.004694835680751174	0.006756756756756756
b3895	Protein FdhD OS=Escherichia coli (strain K12) GN=fdhD PE=3 SV=1	fdhD	1	25.79	30522.510580000002	b3895	C	Energy production and conversion	METABOLISM	0.00015181860890636203	0.00013257305773342837	0.00012612021857923497	0.00012112215481261563	8.514423687889186e-05	0.00014078338130396695	6.540818016227852e-05	0.000123364795495943	0.0001907671817772294	0.00014276918340644964	0.00018368778614680255
b3924	Ferredoxin--NADP reductase OS=Escherichia coli (strain K12) GN=fpr PE=1 SV=4	fpr	5	195.94	27715.307119999998	b3924	C	Energy production and conversion	METABOLISM	0.013179042108646736	0.014587788073176526	0.014841530054644812	0.01361817477733316	0.010399457787944254	0.021273933174821673	0.01227438317602252	0.014530551415797318	0.012574181796815324	0.0162972369737551	0.01055974006793679
b3926	Glycerol kinase OS=Escherichia coli (strain K12) GN=glpK PE=1 SV=2	glpK	35	2432.72	56177.25025	b3926	C	Energy production and conversion	METABOLISM	0.0956902306950523	0.11689237348538846	0.1248087431693989	0.13811798115399507	0.1126784428347524	0.08280148500396278	5.381685709554563	0.15130816360324556	0.07462248075680122	0.08908643115523744	0.07310589277802393
b3945	Glycerol dehydrogenase OS=Escherichia coli (strain K12) GN=gldA PE=1 SV=1	gldA	8	386.23	38669.68853	b3945	C	Energy production and conversion	METABOLISM	0.008134905916969562	0.008600617723924923	0.00594535519125683	0.005593563099694505	0.0033464650315584363	0.004546781796187378	0.0047193243914555386	0.0029806259314456036	0.0027420334136357403	0.006618948664665589	0.002049180327868852
b3956	Phosphoenolpyruvate carboxylase OS=Escherichia coli (strain K12) GN=ppc PE=1 SV=1	ppc	50	3589.35	98982.23464	b3956	C	Energy production and conversion	METABOLISM	0.6750241080038574	0.52744119743407	0.5508196721311476	0.5141775310873026	0.5146778497903164	1.1262670504317358	0.7430866037423415	0.9003974167908594	1.1516540337270107	1.148695451396906	1.5562693841382367
b3962	Soluble pyridine nucleotide transhydrogenase OS=Escherichia coli (strain K12) GN=sthA PE=1 SV=5	sthA	20	1458.79	51509.773839999994	b3962	C	Energy production and conversion	METABOLISM	0.24973419380362483	0.2660964599667379	0.2104918032786885	0.33561378598167035	0.36218070911170425	0.23359612897843404	0.18070044709388972	0.22768670309653916	0.1290714299704252	0.07311629338874778	0.11150494757052133
b4014	Malate synthase A OS=Escherichia coli (strain K12) GN=aceB PE=1 SV=1	aceB	32	2238.64	60217.52759	b4014	C	Energy production and conversion	METABOLISM	4.0303637217812724	4.822998336897125	1.0273224043715845	2.495589690632933	1.9083322743254116	2.2733908980936888	1.7200695479384003	2.6287464812054973	0.9910492194997749	0.8446855999384284	0.893516467286959
b4015	Isocitrate lyase OS=Escherichia coli (strain K12) GN=aceA PE=1 SV=1	aceA	36	2786.72	47473.57659	b4015	C	Energy production and conversion	METABOLISM	38.0782830156022	45.378949869327634	8.39344262295082	23.665074652553677	20.290591773626467	14.453760480540607	12.232985593641333	22.76867030965391	4.328495602953561	4.271530824290003	4.85526510116674
b4051	Quinone oxidoreductase 1 OS=Escherichia coli (strain K12) GN=qorA PE=1 SV=1	qorA	11	730.37	35132.52887	b4051	CR	Energy production and conversion	METABOLISM	0.301659125188537	0.22499406034687577	0.14273224043715846	0.15339271115700703	0.1258101410598551	0.18249697576440158	0.15089418777943367	0.16082960755091902	0.11066063419315667	0.09774493958285231	0.09618224782159208
b4077	Proton glutamate symport protein OS=Escherichia coli (strain K12) GN=gltP PE=1 SV=2	gltP	2	69.15	47110.82199	b4077	C	Energy production and conversion	METABOLISM	0.00010953687906436217	0.00014041339985744835	0.00022076502732240437	7.271632029602856e-05	5.591561824882451e-05	0.0001593459308388604	9.314456035767511e-05	0.00011094552078158636	0.000129463149029516	0.0009909181867159241	9.249003101462117e-05
b4122	Fumarate hydratase class I, anaerobic OS=Escherichia coli (strain K12) GN=fumB PE=1 SV=2	fumB	4	1370.79	60049.35305	b4122	C	Energy production and conversion	METABOLISM	0.0003634745196943847	0.00044191019244476136	0.0005158469945355191	0.0016544038552557979	0.00273224043715847	0.0015934593083886035	0.0009624937903626428			0.002943892865389056	
b4153	Fumarate reductase iron-sulfur subunit OS=Escherichia coli (strain K12) GN=frdB PE=1 SV=2	frdB	5	250.45	27087.160480000002	b4153	C	Energy production and conversion	METABOLISM	0.013327399055460773	0.014730339748158707	0.020677595628415302	0.03678843423260617	0.026475198034481298	0.01647686981187169	0.014261467130319588	0.011280841198873987	0.009342499559316058	0.014257677210805819	0.014085807118594003
b4154	Fumarate reductase flavoprotein subunit OS=Escherichia coli (strain K12) GN=frdA PE=1 SV=3	frdA	9	545.2	65911.64933	b4154	C	Energy production and conversion	METABOLISM	0.017382488935044387	0.0273224043715847	0.015366120218579233	0.05206316423561808	0.05125598339475579	0.012368080757518874	0.013868190097698295	0.017966550753436002	0.011888673443406387	0.007696451935657662	0.01321813616895584
b4226	Inorganic pyrophosphatase OS=Escherichia coli (strain K12) GN=ppa PE=1 SV=2	ppa	10	663.31	19673.02389	b4226	C	Energy production and conversion	METABOLISM	0.571174245234033	0.4347826086956522	0.47868852459016387	0.5356912353168969	0.5570381666454866	0.546448087431694	0.5112601424076834	0.5547276039079317	0.6149989227725875	0.5252828446086355	0.5556786294491213
b4467	Glycolate oxidase iron-sulfur subunit OS=Escherichia coli (strain K12) GN=glcF PE=4 SV=1	glcF	2	116.97	45063.30465	b4467	C	Energy production and conversion	METABOLISM	0.0002818781989466656	0.005678308386790212	1.2633879781420765e-06	0.0010305064325975646	0.0002901681704579151	0.0006611604721978893	0.0005423083291935752	0.00014882430866037426	9.166225982725189e-07	3.828984837989687e-05	4.855265101166741e-05
b4468	Glycolate oxidase subunit glcE OS=Escherichia coli (strain K12) GN=glcE PE=4 SV=1	glcE	1	84.96	38318.469880000004	b4468	C	Energy production and conversion	METABOLISM	1.033553396137774e-06	0.0034212401995723455	1.0382513661202186e-06	9.616625790628631e-05	1.0484178421654595e-06	9.197847578525841e-06	1.0411491968869018e-06	1.0494287133631397e-06	1.0458898877724895e-06	1.046717463249442e-06	1.0375129227588245e-06
b4469	UPF0313 protein ygiQ OS=Escherichia coli (strain K12) GN=ygiQ PE=3 SV=3	ygiQ	1	72.72	83406.32968	b4469	C	Energy production and conversion	METABOLISM	1.5503300942066613e-05	1.2045616535994298e-05	5.3989071038251366e-05	0.00013381524030807622	2.6686999618757146e-05	1.7081716931547987e-05	9.624937903626428e-05			2.6745170476410375e-05	
